{
  "generatedAt": "2026-06-17T09:47:20.656Z",
  "judgeModel": "claude-sonnet-4-5",
  "perModel": {
    "claude-sonnet-4-5": {
      "label": "Claude Sonnet 4.5",
      "cutoff": "2025-07",
      "byCondition": {
        "name-only": 0.65,
        "url-only": 0.16666666666666666,
        "url+name": 0.8083333333333332,
        "full-content": 0.975,
        "fake-structural-url": 0.16666666666666666,
        "random-url": 0
      },
      "lift": {
        "overall": -0.4833333333333334,
        "pre": -0.4833333333333334,
        "post": null
      },
      "split": {
        "pre": {
          "name-only": 0.65,
          "url-only": 0.16666666666666666,
          "url+name": 0.8083333333333332,
          "full-content": 0.975
        },
        "post": {
          "name-only": null,
          "url-only": null,
          "url+name": null,
          "full-content": null
        }
      },
      "n": 36
    },
    "gemini-2.5-flash": {
      "label": "Gemini 2.5 Flash",
      "cutoff": "2025-01",
      "byCondition": {
        "name-only": 0.14166666666666666,
        "url-only": 0.16666666666666666,
        "url+name": 0.4583333333333333,
        "full-content": 0.7999999999999999,
        "fake-structural-url": 0.049999999999999996,
        "random-url": 0
      },
      "lift": {
        "overall": 0.024999999999999994,
        "pre": 0.037500000000000006,
        "post": 0
      },
      "split": {
        "pre": {
          "name-only": 0.2125,
          "url-only": 0.25,
          "url+name": 0.6875,
          "full-content": 0.9500000000000001
        },
        "post": {
          "name-only": 0,
          "url-only": 0,
          "url+name": 0,
          "full-content": 0.5
        }
      },
      "n": 36
    }
  }
}